{
  "name": "FAD Dataflow_Part3",
  "description": "FAD Dashboard queries - Part 3 of 3 (5 queries)",
  "version": "1.0",
  "culture": "en-US",
  "modifiedTime": "2026-01-13T19:35:20.000Z",
  "entities": [
    {
      "name": "LASTREFRESH_For_PowerAutomate",
      "description": "",
      "ppiResourceType": "table",
      "partitions": [
        {
          "name": "LASTREFRESH_For_PowerAutomate",
          "mode": "query",
          "source": {
            "type": "m",
            "expression": "let\n    Source = Table.FromRows(Json.Document(Binary.Decompress(Binary.FromText(\"i45WUlCKjQUA\", BinaryEncoding.Base64), Compression.Deflate)), let _t = ((type nullable text) meta [Serialized.Text = true]) in type table [Column1 = _t]),\n    #\"Added Custom\" = Table.AddColumn(Source, \"Last Refresh Date\", each DateTime.LocalNow()),\n    #\"Changed Type\" = Table.TransformColumnTypes(#\"Added Custom\",{{\"Column1\", type text}, {\"Last Refresh Date\", type datetime}}),\n    #\"Removed Columns\" = Table.RemoveColumns(#\"Changed Type\",{\"Column1\"}),\n    #\"Added Custom1\" = Table.AddColumn(#\"Removed Columns\", \"AutomateLasteRefresh\", each \"Last Refreshed: \" & DateTime.ToText([Last Refresh Date], \"MM/dd/yyyy HH:mm:ss\"))\nin\n    #\"Added Custom1\"\n\n// 3 DM Sales Opportunity List\nlet\n    Source = Csv.Document(Web.Contents(\"https://bakerhughes.sharepoint.com/sites/IETCordantOperationsDashboard/Shared%20Documents/Dashboard%20Data%20Sources/OPEX%20Data%20Sources/DM_Salesforce_DM%20Details/Current%20Week/DM_Salesforce_DM%20Details.csv\"),[Delimiter=\",\"]),\n    #\"Promoted Headers\" = Table.PromoteHeaders(Source, [PromoteAllScalars=true]),\n    #\"Replaced Value2\" = Table.ReplaceValue(#\"Promoted Headers\",null,\"0\",Replacer.ReplaceValue,{\"Total Sales Price Product (converted)\"}),\n    #\"Changed Type\" = Table.TransformColumnTypes(#\"Replaced Value2\",{{\"Last Update Date\", type date}, {\"Bid Sent Date\", type date}, {\"Stage Changed Date\", type date}, {\"Last Stage Change Date\", type date}, {\"Last Modified Date\", type date}, {\"Disposition Date\", type date}, {\"Delivery/Job Start Date\", type date}, {\"Bid Due Date\", type date}, {\"Created Date\", type date}, {\"Expected Order Date\", type date}, {\"CM%\", type number}, {\"Days Since Activity\", Int64.Type}, {\"Amount (USD)\", type number}}),\n    #\"Replaced Errors\" = Table.ReplaceErrorValues(#\"Changed Type\", {{\"Total Sales Price Product (converted)\", null}}),\n    #\"Merged Queries\" = Table.NestedJoin(#\"Replaced Errors\", {\"Region\", \"Primary Country\"}, #\"Standard Country List-Deal Mach\", {\"Region\", \"Primary Country\"}, \"Standard Country List-Deal Mach\", JoinKind.LeftOuter),\n    #\"Expanded Standard Country List-Deal Mach\" = Table.ExpandTableColumn(#\"Merged Queries\", \"Standard Country List-Deal Mach\", {\"Standard Region\", \"Standard Sub Region\", \"Standard Country\"}, {\"Standard Region\", \"Standard Sub Region\", \"Standard Country\"}),\n    #\"Added Custom\" = Table.AddColumn(#\"Expanded Standard Country List-Deal Mach\", \"Year\", each Date.Year([Expected Order Date])),\n    #\"Added Custom1\" = Table.AddColumn(#\"Added Custom\", \"Month\", each Text.PadStart(Text.From(Date.Month([Expected Order Date])), 2, \"0\")),\n    #\"Added Custom2\" = Table.AddColumn(#\"Added Custom1\", \"Date\", each Text.PadStart(Text.From(Date.Day([Expected Order Date])), 2, \"0\")),\n    #\"Changed Type1\" = Table.TransformColumnTypes(#\"Added Custom2\",{{\"Year\", type text}, {\"Month\", type text}, {\"Date\", type text}}),\n    #\"Added Custom3\" = Table.AddColumn(#\"Changed Type1\", \"YearMonthDate\", each [Year]& [Month] & [Date]),\n    #\"Added Conditional Column\" = Table.AddColumn(#\"Added Custom3\", \"Closed Won\", each if [Stage] = \"Closed Won\" then [#\"Amount (USD)\"] else 0),\n    #\"Added Conditional Column1\" = Table.AddColumn(#\"Added Conditional Column\", \"Bid In Development\", each if [Stage] = \"Bid In Development\" then [#\"Amount (USD)\"] else 0),\n    #\"Added Conditional Column2\" = Table.AddColumn(#\"Added Conditional Column1\", \"Qualifying\", each if [Stage] = \"Qualifying\" then [#\"Amount (USD)\"] else 0),\n    #\"Added Conditional Column3\" = Table.AddColumn(#\"Added Conditional Column2\", \"Negotiating\", each if [Stage] = \"Negotiating\" then [#\"Amount (USD)\"] else 0),\n    #\"Added Conditional Column4\" = Table.AddColumn(#\"Added Conditional Column3\", \"Bid In Submission\", each if [Stage] = \"Bid In Submission\" then [#\"Amount (USD)\"] else 0),\n    #\"Added Conditional Column5\" = Table.AddColumn(#\"Added Conditional Column4\", \"Prospecting\", each if [Stage] = \"Prospecting\" then [#\"Amount (USD)\"] else 0),\n    #\"Duplicated Column\" = Table.DuplicateColumn(#\"Added Conditional Column5\", \"Amount (USD)\", \"Amount (USD) - Copy\"),\n    #\"Renamed Columns\" = Table.RenameColumns(#\"Duplicated Column\",{{\"Amount (USD) - Copy\", \"Orders Value\"}}),\n    #\"Changed Type2\" = Table.TransformColumnTypes(#\"Renamed Columns\",{{\"Closed Won\", type number}, {\"Bid In Development\", type number}, {\"Qualifying\", type number}, {\"Negotiating\", type number}, {\"Bid In Submission\", type number}, {\"Prospecting\", type number}}),\n    #\"Filtered Rows\" = Table.SelectRows(#\"Changed Type2\", each [Stage] <> \"Cancelled\" and [Stage] <> \"Closed Lost\"),\n    #\"Filtered Rows1\" = Table.SelectRows(#\"Filtered Rows\", each [Product Description] <> null and [Product Description] <> \"\"),\n    #\"Merged Queries1\" = Table.NestedJoin(#\"Filtered Rows1\", {\"Product Name\"}, DM_StandardMapping, {\"Product Name\"}, \"DM_StandardMapping\", JoinKind.LeftOuter),\n    #\"Expanded DM_StandardMapping\" = Table.ExpandTableColumn(#\"Merged Queries1\", \"DM_StandardMapping\", {\"PH2\", \"Prod Lev 1\", \"Prod Lev 2\", \"Prod Lev 3\", \"Prod Lev 4\", \"Product Name\", \"Revenue Type\", \"AHM Mapping\", \"Core Mapping\", \"Product Family\", \"ARR Group\"}, {\"DM_StandardMapping.PH2\", \"DM_StandardMapping.Prod Lev 1\", \"DM_StandardMapping.Prod Lev 2\", \"DM_StandardMapping.Prod Lev 3\", \"DM_StandardMapping.Prod Lev 4\", \"DM_StandardMapping.Product Name\", \"DM_StandardMapping.Revenue Type\", \"DM_StandardMapping.AHM Mapping\", \"DM_StandardMapping.Core Mapping\", \"DM_StandardMapping.Product Family\", \"DM_StandardMapping.ARR Group\"}),\n    #\"Replaced Value\" = Table.ReplaceValue(#\"Expanded DM_StandardMapping\",\"ARMS\",\"BSSA\",Replacer.ReplaceText,{\"DM_StandardMapping.PH2\"}),\n    #\"Replaced Value1\" = Table.ReplaceValue(#\"Replaced Value\",\"Augury\",\"BSHG\",Replacer.ReplaceText,{\"DM_StandardMapping.PH2\"}),\n    #\"Filtered Rows3\" = Table.SelectRows(#\"Replaced Value1\", each [Opportunity Number] <> null and [Opportunity Number] <> \"\"),\n    #\"Renamed Columns1\" = Table.RenameColumns(#\"Filtered Rows3\",{{\"DM_StandardMapping.ARR Group\", \"ARR Group\"}, {\"DM_StandardMapping.Core Mapping\", \"Core Mapping\"}}),\n    #\"Changed Type3\" = Table.TransformColumnTypes(#\"Renamed Columns1\",{{\"EOD Quarter Convertible (converted)\", type number}, {\"Total Sales Price Product (converted)\", type number}})\nin\n    #\"Changed Type3\""
          }
        }
      ],
      "attributes": []
    },
    {
      "name": "Open POS",
      "description": "",
      "ppiResourceType": "table",
      "partitions": [
        {
          "name": "Open POS",
          "mode": "query",
          "source": {
            "type": "m",
            "expression": "let\n    Source = Excel.Workbook(Web.Contents(\"https://bakerhughes.sharepoint.com/sites/IETCordantOperationsDashboard/Shared%20Documents/Dashboard%20Data%20Sources/FINEX%20Data%20Sources/FINEX_ALL_SOURCES/Open%20Purchase%20Orders/Open%20commitment(PO).xlsx\"), null, true),\n    #\"Open POS_Sheet\" = Source{[Item=\"Open POS\",Kind=\"Sheet\"]}[Data],\n    #\"Promoted Headers\" = Table.PromoteHeaders(#\"Open POS_Sheet\", [PromoteAllScalars=true]),\n    #\"Changed Type\" = Table.TransformColumnTypes(#\"Promoted Headers\",{{\"ValCOArCur\", type number}, {\"Rev rec%\", Percentage.Type}, {\"Plan Rev\", type number}, {\"Expensed\", type number}, {\"DM\", type number}, {\"Backlog\", type number}, {\"Rev rec\", type number}}),\n    #\"Filtered Rows\" = Table.SelectRows(#\"Changed Type\", each ([Exclude] = \"No\")),\n    #\"Changed Type1\" = Table.TransformColumnTypes(#\"Filtered Rows\",{{\"Project definition\", type text}, {\"WBS Element\", type text}, {\"Object\", type text}, {\"Supplier\", type text}, {\"RefDocNo\", type text}, {\"RfItm\", type text}, {\"Material\", type text}, {\"Name\", type text}, {\"Cost element descr.\", type text}, {\"AcctAssNo.\", type text}, {\"BTran\", type text}, {\"CO object name\", type text}, {\"CoCd\", type text}, {\"Cost elem.\", type text}, {\"Cost element name\", type text}, {\"DdlineItem\", type text}, {\"D/C\", type text}, {\"Year\", type text}, {\"Le\", type text}, {\"OTy\", type text}, {\"Object type\", type text}, {\"User Name\", type text}, {\"DocC\", type text}, {\"AAC\", type text}, {\"Period\", type text}, {\"Order\", type text}, {\"Material Description\", type text}, {\"Functional Area\", type text}, {\"Matl Group\", type text}, {\"Vsn\", type text}, {\"Tr.Prt\", type text}, {\"VT\", type text}, {\"Total Quantity\", type number}, {\"Vendor Name\", type text}, {\"Region\", type text}, {\"Project Name\", type text}, {\"PM\", type text}, {\"Year_1\", type text}, {\"QTR\", type text}, {\"Pline\", type text}, {\"Plan rev Check\", type text}, {\"Exclude\", type text}, {\"Product\", type text}, {\"Country\", type text}, {\"DM W/O Rev\", type text}, {\"Sub Region\", type text}}),\n    #\"Merged Queries\" = Table.NestedJoin(#\"Changed Type1\", {\"CoCd\"}, #\"Standard Country List-CoCd\", {\"CoCd\"}, \"Standard Country List-CoCd\", JoinKind.LeftOuter),\n    #\"Expanded Standard Country List-CoCd\" = Table.ExpandTableColumn(#\"Merged Queries\", \"Standard Country List-CoCd\", {\"Standard Region\", \"Standard Sub Region\", \"Country\"}, {\"Standard Country List-CoCd.Standard Region\", \"Standard Country List-CoCd.Standard Sub Region\", \"Standard Country List-CoCd.Country\"}),\n    #\"Removed Columns\" = Table.RemoveColumns(#\"Expanded Standard Country List-CoCd\",{\"Sub Region\", \"Country\", \"Region\"}),\n    #\"Replaced Errors\" = Table.ReplaceErrorValues(#\"Removed Columns\", {{\"Sub region(All)\", \"Error\"}}),\n    #\"Added Custom\" = Table.AddColumn(#\"Replaced Errors\", \"WBS LEvel\", each let\n   Phases = {\"P-01\",\"P-02\",\"P-03\",\"P-07\",\"P-08\"},\n   Match =\n       List.Select(\n           Phases,\n           (p) => Text.Contains([WBS Element], p, Comparer.OrdinalIgnoreCase)\n       )\nin\n   if List.Count(Match) > 0 then Match{0} else null)\nin\n    #\"Added Custom\""
          }
        }
      ],
      "attributes": []
    },
    {
      "name": "Internal External Standard Map_CO",
      "description": "",
      "ppiResourceType": "table",
      "partitions": [
        {
          "name": "Internal External Standard Map_CO",
          "mode": "query",
          "source": {
            "type": "m",
            "expression": "let\n    Source = Excel.Workbook(Web.Contents(\"https://bakerhughes.sharepoint.com/sites/IETCordantOperationsDashboard/Shared%20Documents/Dashboard%20Data%20Sources/FINEX%20Data%20Sources/FINEX_ALL_SOURCES/SMF%20Mapping%20Files%20-Do%20Not%20Delete/SMF%20Mapping%20File-Master.xlsx\"), null, true),\n    #\"Internal External Standard Map_Sheet\" = Source{[Item=\"Internal External Standard Map\",Kind=\"Sheet\"]}[Data],\n    #\"Promoted Headers\" = Table.PromoteHeaders(#\"Internal External Standard Map_Sheet\", [PromoteAllScalars=true]),\n    #\"Changed Type\" = Table.TransformColumnTypes(#\"Promoted Headers\",{{\"Standard Internal/External \", type text}, {\"Sales Report\", type text}, {\"Order Report\", type text}, {\"Backlog Report\", type any}, {\"Convertible Order\", type any}, {\"As Sold Report\", type any}, {\"As Sold Margin\", type any}, {\"PLM\", type any}, {\"Unbilled BDR\", type any}}),\n    #\"Filtered Rows\" = Table.SelectRows(#\"Changed Type\", each [#\"Standard Internal/External \"] <> null and [#\"Standard Internal/External \"] <> \"\"),\n    #\"Removed Columns\" = Table.RemoveColumns(#\"Filtered Rows\",{\"Sales Report\", \"Order Report\", \"Backlog Report\", \"As Sold Margin\", \"As Sold Report\", \"PLM\", \"Unbilled BDR\", \"Sales WORP\"}),\n    #\"Filtered Rows1\" = Table.SelectRows(#\"Removed Columns\", each [Convertible Order] <> null and [Convertible Order] <> \"\")\nin\n    #\"Filtered Rows1\""
          }
        }
      ],
      "attributes": []
    },
    {
      "name": "Internal External Standard Map_Assold",
      "description": "",
      "ppiResourceType": "table",
      "partitions": [
        {
          "name": "Internal External Standard Map_Assold",
          "mode": "query",
          "source": {
            "type": "m",
            "expression": "let\n    Source = Excel.Workbook(Web.Contents(\"https://bakerhughes.sharepoint.com/sites/IETCordantOperationsDashboard/Shared%20Documents/Dashboard%20Data%20Sources/FINEX%20Data%20Sources/FINEX_ALL_SOURCES/SMF%20Mapping%20Files%20-Do%20Not%20Delete/SMF%20Mapping%20File-Master.xlsx\"), null, true),\n    #\"Internal External Standard Map_Sheet\" = Source{[Item=\"Internal External Standard Map\",Kind=\"Sheet\"]}[Data],\n    #\"Promoted Headers\" = Table.PromoteHeaders(#\"Internal External Standard Map_Sheet\", [PromoteAllScalars=true]),\n    #\"Changed Type\" = Table.TransformColumnTypes(#\"Promoted Headers\",{{\"Standard Internal/External \", type text}, {\"Sales Report\", type text}, {\"Order Report\", type text}, {\"Backlog Report\", type any}, {\"Convertible Order\", type any}, {\"As Sold Report\", type any}, {\"As Sold Margin\", type any}, {\"PLM\", type any}, {\"Unbilled BDR\", type any}}),\n    #\"Filtered Rows\" = Table.SelectRows(#\"Changed Type\", each [#\"Standard Internal/External \"] <> null and [#\"Standard Internal/External \"] <> \"\"),\n    #\"Filtered Rows1\" = Table.SelectRows(#\"Filtered Rows\", each [As Sold Margin] <> null and [As Sold Margin] <> \"\"),\n    #\"Removed Columns\" = Table.RemoveColumns(#\"Filtered Rows1\",{\"Sales Report\", \"Order Report\", \"Backlog Report\", \"Convertible Order\", \"As Sold Margin\", \"As Sold Report\", \"PLM\", \"Unbilled BDR\"}),\n    #\"Filtered Rows2\" = Table.SelectRows(#\"Removed Columns\", each [Sales WORP] <> null and [Sales WORP] <> \"\")\nin\n    #\"Filtered Rows2\""
          }
        }
      ],
      "attributes": []
    },
    {
      "name": "Internal External Standard Map_Worp",
      "description": "",
      "ppiResourceType": "table",
      "partitions": [
        {
          "name": "Internal External Standard Map_Worp",
          "mode": "query",
          "source": {
            "type": "m",
            "expression": "let\n    Source = Excel.Workbook(Web.Contents(\"https://bakerhughes.sharepoint.com/sites/IETCordantOperationsDashboard/Shared%20Documents/Dashboard%20Data%20Sources/FINEX%20Data%20Sources/FINEX_ALL_SOURCES/SMF%20Mapping%20Files%20-Do%20Not%20Delete/SMF%20Mapping%20File-Master.xlsx\"), null, true),\n    #\"Internal External Standard Map_Sheet\" = Source{[Item=\"Internal External Standard Map\",Kind=\"Sheet\"]}[Data],\n    #\"Promoted Headers\" = Table.PromoteHeaders(#\"Internal External Standard Map_Sheet\", [PromoteAllScalars=true]),\n    #\"Changed Type\" = Table.TransformColumnTypes(#\"Promoted Headers\",{{\"Standard Internal/External \", type text}, {\"Sales Report\", type text}, {\"Order Report\", type text}, {\"Backlog Report\", type any}, {\"Convertible Order\", type any}, {\"As Sold Report\", type any}, {\"As Sold Margin\", type any}, {\"PLM\", type any}, {\"Unbilled BDR\", type any}}),\n    #\"Filtered Rows\" = Table.SelectRows(#\"Changed Type\", each [#\"Standard Internal/External \"] <> null and [#\"Standard Internal/External \"] <> \"\"),\n    #\"Removed Columns\" = Table.RemoveColumns(#\"Filtered Rows\",{\"Sales Report\", \"Order Report\", \"Backlog Report\", \"Convertible Order\", \"As Sold Report\", \"PLM\", \"Unbilled BDR\", \"Sales WORP\"}),\n    #\"Filtered Rows1\" = Table.SelectRows(#\"Removed Columns\", each [As Sold Margin] <> null and [As Sold Margin] <> \"\")\nin\n    #\"Filtered Rows1\""
          }
        }
      ],
      "attributes": []
    }
  ],
  "annotations": [
    {
      "name": "pbi:mashup",
      "value": ""
    }
  ]
}